Titlu anunt,Camere,Suprafata,Etaj,Compartimentare,Vechime,Pret,Localizare
,o cameră,15 mp utili,Parter/4,Decomandat,,150,"Timisoara, zona Sagului"
,o cameră,44 mp utili,Etaj 1/4,Decomandat,,330,"Timisoara, zona Central"
,o cameră,27 mp utili,Etaj 1/3,Nedecomandat,,180,"Timisoara, zona Complex Studentesc"
,o cameră,40 mp utili,Etaj 1/2,Decomandat,Bloc nou,280,"Timisoara, zona Girocului"
,o cameră,34 mp utili,Etaj 1/4,Decomandat,,280,"Timisoara, zona Central"
,,,,,,,
,o cameră,35 mp utili,Etaj 1,Decomandat,,270,"Timisoara, zona Central"
,o cameră,40 mp utili,Etaj 1/6,Decomandat,,250,"Timisoara, zona Aradului"
,o cameră,26 mp utili,Parter/1,Nedecomandat,,220,"Timisoara, zona Medicina"
,o cameră,37 mp utili,Etaj 3,,,280,"Timisoara, zona Complex Studentesc"
,o cameră,25 mp utili,Etaj 4/4,Semidecomandat,,250,"Timisoara, zona Ultracentral"
,o cameră,33 mp utili,Parter/4,Decomandat,,300,"Timisoara, zona Aradului"
,o cameră,33 mp utili,Etaj 2/3,Decomandat,,160,"Timisoara, zona Freidorf"
,o cameră,20 mp utili,Etaj 3/5,Semidecomandat,,250,"Timisoara, zona Aradului"
,o cameră,24 mp utili,Parter/3,Decomandat,,200,"Timisoara, zona Girocului"
,o cameră,43 mp utili,Etaj 7,Decomandat,,360,"Timisoara, zona Soarelui"
,o cameră,26 mp utili,Parter/2,Decomandat,Bloc nou,250,"Timisoara, zona Complex Studentesc"
,o cameră,35 mp utili,Etaj 9/10,Decomandat,,250,"Timisoara, zona Central"
,o cameră,44 mp utili,Parter/1,Decomandat,,380,"Timisoara, zona Simion Barnutiu"
,o cameră,50 mp utili,Etaj 1/3,Decomandat,,350,"Timisoara, zona Complex Studentesc"
,o cameră,30 mp utili,Etaj 3/3,Semidecomandat,Imobil nou,280,"Timisoara, zona Complex Studentesc"
,o cameră,26 mp utili,Parter,Decomandat,,240,"Timisoara, zona Complex Studentesc"
,o cameră,50 mp utili,Etaj 2/4,Decomandat,,280,"Timisoara, zona Aradului"
,o cameră,33 mp utili,Parter/4,Decomandat,,270,"Timisoara, zona Girocului"
,o cameră,24 mp utili,Etaj 1/3,Nedecomandat,,180,"Timisoara, zona Complex Studentesc"
,o cameră,14 mp utili,Etaj 4/4,Nedecomandat,,230,"Timisoara, zona Soarelui"
,o cameră,36 mp utili,Etaj 4/4,Decomandat,,250,"Timisoara, zona Girocului"
,o cameră,35 mp utili,Etaj 2/3,Nedecomandat,,380,"Timisoara, zona P-ta Unirii"
,o cameră,30 mp utili,Etaj 6/10,Semidecomandat,,350,"Timisoara, zona Torontalului"
,o cameră,32 mp utili,Etaj 8/10,Semidecomandat,,200,"Timisoara, zona Circumvalatiunii"
,,,,,,,
,o cameră,45 mp utili,Parter/3,Decomandat,Bloc nou,400,"Timisoara, zona Braytim"
,o cameră,40 mp utili,Etaj 6/10,Decomandat,,330,"Timisoara, zona Take Ionescu"
,o cameră,48 mp utili,Etaj 2/7,Semidecomandat,Bloc nou,340,"Timisoara, zona Soarelui"
,o cameră,32 mp utili,Etaj 5/5,Decomandat,,219,"Timisoara, zona Lipovei"
,o cameră,32 mp utili,Etaj 3/4,Semidecomandat,,200,"Timisoara, zona Steaua"
,o cameră,23 mp utili,Parter/1,Decomandat,,230,"Timisoara, zona Brancoveanu"
,,,,,,,
,o cameră,30 mp utili,Etaj 1/3,Decomandat,,300,"Timisoara, zona Central"
,o cameră,24 mp utili,Etaj 2/4,Semidecomandat,,230,"Timisoara, zona Complex Studentesc"
,o cameră,37 mp utili,Etaj 4/4,Decomandat,,300,"Timisoara, zona Complex Studentesc"
,o cameră,31 mp utili,Parter/3,Decomandat,,250,"Timisoara, zona Brancoveanu"
,o cameră,40 mp utili,Etaj 6/6,Decomandat,,300,"Timisoara, zona Aradului"
,o cameră,40 mp utili,Etaj 2/2,Decomandat,Bloc nou,350,"Timisoara, zona Girocului"
,o cameră,40 mp utili,Etaj 4/6,Decomandat,Bloc nou,320,"Timisoara, zona Aradului"
,o cameră,37 mp utili,Parter/4,Decomandat,,280,"Timisoara, zona Buziasului"
,o cameră,35 mp utili,Etaj 4/8,Decomandat,,280,"Timisoara, zona Complex Studentesc"
,o cameră,25 mp utili,Etaj 1/4,Decomandat,,150,"Timisoara, zona Girocului"
,o cameră,26 mp utili,Demisol/1,Nedecomandat,,200,"Timisoara, zona Medicina"
,o cameră,25 mp utili,Etaj 4/5,Decomandat,,270,"Timisoara, zona Buziasului"
,o cameră,50 mp utili,Etaj 1/4,Decomandat,,350,"Timisoara, zona Centrul Bancar"
,o cameră,32 mp utili,Etaj 10/10,Decomandat,,330,"Timisoara, zona Gheorghe Lazar"
,o cameră,45 mp utili,Etaj 1/1,Nedecomandat,,300,"Timisoara, zona Central"
,o cameră,26 mp utili,Etaj 2/4,Semidecomandat,,220,"Timisoara, zona Complex Studentesc"
,o cameră,27 mp utili,Etaj 1/3,Nedecomandat,,200,"Timisoara, zona Complex Studentesc"
,o cameră,35 mp utili,Etaj 2/10,Decomandat,,320,"Timisoara, zona Circumvalatiunii"
,o cameră,30 mp utili,Etaj 4/4,Decomandat,,200,"Timisoara, zona Complex Studentesc"
,o cameră,35 mp utili,Etaj 8/10,Semidecomandat,,250,"Timisoara, zona Take Ionescu"
,o cameră,40 mp utili,Etaj 2/10,Decomandat,,330,"Timisoara, zona Aradului"
,o cameră,34 mp utili,Parter/4,Decomandat,,300,"Timisoara, zona Lipovei"
,o cameră,40 mp utili,Etaj 1/7,Decomandat,Bloc nou,300,"Timisoara, zona Torontalului"
,o cameră,22 mp utili,Etaj 6/6,Semidecomandat,,270,"Timisoara, zona Medicina"
,,,,,,,
,o cameră,28 mp utili,Parter/3,Nedecomandat,,200,"Timisoara, zona Complex Studentesc"
,o cameră,45 mp utili,Parter,Decomandat,,290,"Timisoara, zona Steaua"
,o cameră,35 mp utili,Demisol/1,Decomandat,,200,"Timisoara, zona Balcescu"
,o cameră,37 mp utili,Etaj 2/8,Decomandat,,250,"Timisoara, zona Centrul Bancar"
,o cameră,45 mp utili,Etaj 1/1,Decomandat,,250,"Timisoara, zona Freidorf"
,o cameră,30 mp utili,Etaj 2/3,Decomandat,,260,"Timisoara, zona Complex Studentesc"
,,,,,,,
,o cameră,40 mp utili,Etaj 3/10,Decomandat,,250,"Timisoara, zona Complex Studentesc"
,o cameră,36 mp utili,Etaj 1/1,Decomandat,,300,"Timisoara, zona Odobescu"
,o cameră,43 mp utili,Etaj 2/3,Semidecomandat,,280,"Timisoara, zona Girocului"
,o cameră,40 mp utili,Etaj 4/4,Decomandat,,260,"Timisoara, zona Complex Studentesc"
,o cameră,38 mp utili,Etaj 4/4,Decomandat,,280,"Timisoara, zona Soarelui"
,o cameră,34 mp utili,Etaj 5/5,Semidecomandat,,275,"Timisoara, zona Blascovici"
,o cameră,40 mp utili,Parter/3,Decomandat,Bloc nou,380,"Timisoara, zona Braytim"
,o cameră,37 mp utili,Etaj 3/4,Decomandat,,330,"Timisoara, zona Medicina"
,o cameră,33 mp utili,Parter/4,Decomandat,,270,"Timisoara, zona Girocului"
,o cameră,24 mp utili,Etaj 3/4,Nedecomandat,,200,"Timisoara, zona Complex Studentesc"
,o cameră,34 mp utili,Etaj 3,Semidecomandat,,300,"Timisoara, zona Punctele Cardinale"
,o cameră,14 mp utili,Etaj 4,Nedecomandat,,170,"Timisoara, zona Complex Studentesc"
,o cameră,32 mp utili,Etaj 2,Semidecomandat,,230,"Timisoara, zona Sagului"
,o cameră,34 mp utili,Etaj 5,Decomandat,,300,"Timisoara, zona P-ta Unirii"
,o cameră,Etaj 3,,,,250,"Timisoara, zona Circumvalatiunii"
,o cameră,45 mp utili,Etaj 1,Decomandat,,350,"Timisoara, zona Medicina"
,o cameră,30 mp utili,Etaj 1,Decomandat,,250,"Timisoara, zona Complex Studentesc"
,o cameră,25 mp utili,Etaj 2,Semidecomandat,,220,"Timisoara, zona Soarelui"
,o cameră,45 mp utili,Etaj 1/1,Decomandat,,330,"Timisoara, zona Central"
,o cameră,27 mp utili,Etaj 2,Decomandat,,230,"Timisoara, zona Complex Studentesc"
,o cameră,43 mp utili,Etaj 2/3,Semidecomandat,,300,"Timisoara, zona Spitalul Judetean"
,o cameră,28 mp utili,Etaj 4/4,Semidecomandat,,200,"Timisoara, zona Lipovei"
,o cameră,37 mp utili,Etaj 2,Decomandat,,250,"Timisoara, zona Braytim"
,o cameră,40 mp utili,Etaj 3/7,Decomandat,,280,"Timisoara, zona Torontalului"
,,,,,,,
,o cameră,12 mp utili,Etaj 1,Decomandat,,150,"Timisoara, zona Sagului"
,o cameră,25 mp utili,Parter,Decomandat,Bloc nou,110,"Timisoara, zona Balcescu"
,o cameră,35 mp utili,Etaj 1,Decomandat,,240,"Timisoara, zona Sagului"
,o cameră,40 mp utili,Etaj 3/4,Decomandat,,260,"Timisoara, zona Sagului"
,o cameră,34 mp utili,Etaj 1,Decomandat,,230,"Timisoara, zona Complex Studentesc"
,o cameră,37 mp utili,Etaj 5/7,Decomandat,,280,"Timisoara, zona Torontalului"
,o cameră,35 mp utili,Etaj 1/3,Decomandat,,270,"Timisoara, zona Central"
,o cameră,40 mp utili,Etaj 4,Decomandat,,270,"Timisoara, zona Sagului"
,o cameră,23 mp utili,Parter/1,Semidecomandat,,250,"Timisoara, zona Complex Studentesc"
,o cameră,37 mp utili,Etaj 3/4,Decomandat,,290,"Timisoara, zona Medicina"
,o cameră,32 mp utili,Etaj 10,Decomandat,,330,"Timisoara, zona Gheorghe Lazar"
,o cameră,28 mp utili,Parter/4,Decomandat,,260,"Timisoara, zona Central"
,o cameră,36 mp utili,Parter/8,Decomandat,,250,"Timisoara, zona Circumvalatiunii"
,o cameră,20 mp utili,Parter,Decomandat,Bloc nou,100,"Timisoara, zona Balcescu"
,o cameră,Parter/4,,,,180,"Timisoara, zona Buziasului"
,o cameră,35 mp utili,Etaj 9,Semidecomandat,,350,"Timisoara, zona Take Ionescu"
,o cameră,32 mp utili,Etaj 2,Decomandat,,260,"Timisoara, zona Complex Studentesc"
,o cameră,42 mp utili,Parter,Decomandat,Bloc nou,350,"Timisoara, zona Braytim"
,o cameră,32 mp utili,Etaj 4/8,Decomandat,,330,"Timisoara, zona P-ta Unirii"
,o cameră,35 mp utili,Etaj 6,Decomandat,,329,"Timisoara, zona P-ta Unirii"
,o cameră,35 mp utili,Etaj 1/2,Decomandat,,270,"Timisoara, zona Central"
,o cameră,35 mp utili,Etaj 3,Decomandat,,260,"Timisoara, zona Circumvalatiunii"
,o cameră,35 mp utili,Etaj 1/4,Semidecomandat,,150,"Timisoara, zona Iosefin"
,o cameră,35 mp utili,Parter/4,Decomandat,,220,"Timisoara, zona Garii"
,o cameră,28 mp utili,Etaj 3/3,Semidecomandat,,200,"Timisoara, zona Soarelui"
,o cameră,34 mp utili,Etaj 1,Decomandat,,280,"Timisoara, zona Central"
,o cameră,40 mp utili,Etaj 4,Decomandat,Bloc nou,300,"Timisoara, zona Girocului"
,o cameră,35 mp utili,Etaj 1,,,290,"Timisoara, zona Mircea cel Batran"
,o cameră,40 mp utili,Etaj 1,,,300,"Timisoara, zona Torontalului"
,o cameră,28 mp utili,Etaj 1/4,,,200,"Timisoara, zona Buziasului"