title,price,rooms,mp,floor,comandat,link
"Apartamente in ROBIGO, incepand de la 55.000 Euro",,o cameră,40 mp utili,Etaj 2/6,Decomandat,https://www.imobiliare.ro/vanzare-garsoniere/timisoara/bucovina/garsoniera-de-vanzare-XAGC00002?lista=97723676
"Garsoniera cocheta, zona Aradului, merita vizionata",27.000,o cameră,21 mp utili,Etaj 4/4,Nedecomandat,https://www.imobiliare.ro/vanzare-garsoniere/timisoara/aradului/garsoniera-de-vanzare-X41F1008H?lista=97723676
Garsoniera Plavat II Girocului confort 1 parter inalt 4 apartamente pe etaj,38.300,o cameră,28 mp utili,Parter/4,Semidecomandat,https://www.imobiliare.ro/vanzare-garsoniere/timisoara/plavat-ii/garsoniera-de-vanzare-X76300016?lista=97723676
"Perfecta pentru investitie, Complexul Studentesc",32.000,o cameră,20 mp utili,Etaj 1/4,Decomandat,https://www.imobiliare.ro/vanzare-garsoniere/timisoara/complex-studentesc/garsoniera-de-vanzare-XAOV1000U?lista=97723676
Girocului parter 38500€,38.500,o cameră,28 mp utili,Parter/4,Semidecomandat,https://www.imobiliare.ro/vanzare-garsoniere/timisoara/girocului/garsoniera-de-vanzare-X8NT0000T?lista=97723676
Apartament 1 camera (decomandat ) -38mp zona rezidentiala bloc nou,38.000,o cameră,38 mp utili,Etaj 2/3,Decomandat,https://www.imobiliare.ro/vanzare-garsoniere/timisoara/ciarda-rosie/garsoniera-de-vanzare-XV0E0017R?lista=97723676
Vand apartament 1 camera la cheie,37.000,o cameră,37 mp utili,Etaj 1/3,Decomandat,https://www.imobiliare.ro/vanzare-garsoniere/timisoara/braytim/garsoniera-de-vanzare-XV0G002KN?lista=97723676
DAMBOVITA-ALFA garsoniera,32.000,o cameră,20 mp utili,Etaj 4/4,Semidecomandat,https://www.imobiliare.ro/vanzare-garsoniere/timisoara/dambovita/garsoniera-de-vanzare-XV0G005BT?lista=97723676
"Apartament cu o camera, Buziasului",33.000,o cameră,30 mp utili,Mansarda/5,Decomandat,https://www.imobiliare.ro/vanzare-garsoniere/timisoara/buziasului/garsoniera-de-vanzare-X41F100H8?lista=97723676
"Buziasului, garsosniera amenajata, etaj 4 cu acoperis",30.100,o cameră,20 mp utili,Etaj 4/4,Semidecomandat,https://www.imobiliare.ro/vanzare-garsoniere/timisoara/buziasului/garsoniera-de-vanzare-X41F1001R?lista=97723676
Proprietar Garsoniera Iulius Mall,29.500,o cameră,19 mp utili,Parter,Semidecomandat,https://www.imobiliare.ro/vanzare-garsoniere/timisoara/lipovei/garsoniera-de-vanzare-XA0700058?lista=97723676
Steaua - oportunitate investitie - mobilat utilat -clima!,19.500,o cameră,19 mp utili,Etaj 4/4,Decomandat,https://www.imobiliare.ro/vanzare-garsoniere/timisoara/steaua/garsoniera-de-vanzare-X89S000VP?lista=97723676
Apartament 1 camera situat in Complexul Studentesc. REZERVAT.,32.000,o cameră,27 mp utili,Parter/1,Semidecomandat,https://www.imobiliare.ro/vanzare-garsoniere/timisoara/complex-studentesc/garsoniera-de-vanzare-XAGR10007?lista=97723676
Parter lipovei - holdelor 29.500€ 1 km pana la mall,28.900,o cameră,18 mp utili,Parter/4,Nedecomandat,https://www.imobiliare.ro/vanzare-garsoniere/timisoara/lipovei/garsoniera-de-vanzare-X8NT00015?lista=97723676
Apartament 1 camera 20 mp SAD,25.000,o cameră,20 mp utili,Demisol/2,Nedecomandat,https://www.imobiliare.ro/vanzare-garsoniere/timisoara/medicina/garsoniera-de-vanzare-X9MT00004?lista=97723676
"Apartament demisol inalt, Take Ionescu",35.000,o cameră,30 mp utili,Demisol,35.000,https://www.imobiliare.ro/vanzare-garsoniere/timisoara/take-ionescu/garsoniera-de-vanzare-X1BR1004Q?lista=97723676
Vand garsoniera situata la et.1 in zona Aradului,29.500,o cameră,22 mp utili,Etaj 1/4,Decomandat,https://www.imobiliare.ro/vanzare-garsoniere/timisoara/aradului/garsoniera-de-vanzare-XAKF0000I?lista=97723676
GARSONIERA CONF.1 IN ZONA LIPOVEI APROAPE DE MALL,37.000,o cameră,25 mp utili,Etaj 4/4,Semidecomandat,https://www.imobiliare.ro/vanzare-garsoniere/timisoara/lipovei/garsoniera-de-vanzare-X7630002Q?lista=97723676
"DAMBOVITA, AMENAJAT, CU CENTRALA TERMICA PROPRIE!!",33.000,o cameră,25 mp utili,Etaj 4/4,Decomandat,https://www.imobiliare.ro/vanzare-garsoniere/timisoara/dambovita/garsoniera-de-vanzare-X1890003C?lista=97723676
Decomandat. Bucatarie separata.Pret excelent.,38.000,o cameră,32.19 mp utili,Etaj 1/3,Decomandat,https://www.imobiliare.ro/vanzare-garsoniere/timisoara/braytim/garsoniera-de-vanzare-X9B91003B?lista=97723676
"Buziasului, 1 camera, mobilat si utilat!",31.000,o cameră,24 mp utili,Etaj 1/4,Decomandat,https://www.imobiliare.ro/vanzare-garsoniere/timisoara/buziasului/garsoniera-de-vanzare-X84C10016?lista=97723676
Garsoniera Renovata zona Soarelui,25.000,o cameră,15 mp utili,Etaj 4,25.000,https://www.imobiliare.ro/vanzare-garsoniere/timisoara/soarelui/garsoniera-de-vanzare-XA0700025?lista=97723676
"Girocului Plavat cu Centrala,Clima Complet Mobilat Utilat",39.000,o cameră,25 mp utili,Etaj 3/4,Semidecomandat,https://www.imobiliare.ro/vanzare-garsoniere/timisoara/girocului/garsoniera-de-vanzare-X8600001A?lista=97723676
Apartament cu 1 camera cu centrala,38.500,o cameră,34 mp utili,Mansarda/4,Decomandat,https://www.imobiliare.ro/vanzare-garsoniere/timisoara/dambovita/garsoniera-de-vanzare-X0NR00013?lista=97723676
Investitie perfecta. Etaj intermediar.,30.500,o cameră,22 mp utili,Etaj 1/4,Decomandat,https://www.imobiliare.ro/vanzare-garsoniere/timisoara/aradului/garsoniera-de-vanzare-X9B9100IP?lista=97723676
"AR108 Garsoniera, Zona Buziasului",30.000,o cameră,24 mp utili,Parter,Semidecomandat,https://www.imobiliare.ro/vanzare-garsoniere/timisoara/buziasului/garsoniera-de-vanzare-X7SO0005B?lista=97723676
Apartament nou 1 camera la cheie,37.000,o cameră,33 mp utili,Etaj 2,Decomandat,https://www.imobiliare.ro/vanzare-garsoniere/timisoara/braytim/garsoniera-de-vanzare-XV0F0047D?lista=97723676
NOU. Finalizare 2018. Decomandat,39.000,o cameră,33 mp utili,Etaj 1/3,Decomandat,https://www.imobiliare.ro/vanzare-garsoniere/timisoara/braytim/garsoniera-de-vanzare-X0Q610FJ4?lista=97723676
Balcescu- 1 cam- Centrala P.- Semicentral- 37.000 Eu,37.000,o cameră,30 mp utili,Parter/1,Decomandat,https://www.imobiliare.ro/vanzare-garsoniere/timisoara/balcescu/garsoniera-de-vanzare-X89S00196?lista=97723676
1 Camera - Complex - Lunei,39.000,o cameră,30 mp utili,Etaj 4/4,Semidecomandat,https://www.imobiliare.ro/vanzare-garsoniere/timisoara/lunei/garsoniera-de-vanzare-X86F0000D?lista=97723676
Garsoniera zona Aradului,31.000,o cameră,22 mp utili,Etaj 4,31.000,https://www.imobiliare.ro/vanzare-garsoniere/timisoara/aradului/garsoniera-de-vanzare-XA0700059?lista=97723676
Garsoniera in zona Buziasului,35.000,o cameră,21 mp utili,Parter,Semidecomandat,https://www.imobiliare.ro/vanzare-garsoniere/timisoara/buziasului/garsoniera-de-vanzare-X41F1006N?lista=97723676
"OT972 Apartament 1 Camera, Mobilat-Utilat, Zona Sagului-Iosefin",35.000,o cameră,31 mp utili,Etaj 4/4,Decomandat,https://www.imobiliare.ro/vanzare-garsoniere/timisoara/sagului/garsoniera-de-vanzare-X7SO00050?lista=97723676
Dambovita- 1 cam- Centrala P.- Ideal Investitie- 38.000 Euro,38.000,o cameră,34 mp utili,Etaj 4/4,Decomandat,https://www.imobiliare.ro/vanzare-garsoniere/timisoara/dambovita/garsoniera-de-vanzare-X89S000DN?lista=97723676
Decomandat Etaj 1 Complex Studentesc,32.000,o cameră,25 mp utili,Etaj 1,Decomandat,https://www.imobiliare.ro/vanzare-garsoniere/timisoara/complex-studentesc/garsoniera-de-vanzare-XA070002Q?lista=97723676
Centrala Proprie. Izolat. Boxa in cf,35.000,o cameră,28.89 mp utili,Parter,Decomandat,https://www.imobiliare.ro/vanzare-garsoniere/timisoara/fabric/garsoniera-de-vanzare-X9B910047?lista=97723676
"Ocazie, posibilitate de investite, foarte aproape de Mall!",19.500,o cameră,19 mp utili,Etaj 4/4,Decomandat,https://www.imobiliare.ro/vanzare-garsoniere/timisoara/steaua/garsoniera-de-vanzare-X89S000RL?lista=97723676
"Garsoniera ,Spatiu comercial,Birou",33.900,o cameră,30 mp utili,Parter/1,Nedecomandat,https://www.imobiliare.ro/vanzare-garsoniere/timisoara/dorobantilor/garsoniera-de-vanzare-X6EM00009?lista=97723676
Blascovici- 1 cam- Zona Investitie- 25.500 Eu,25.500,o cameră,22 mp utili,Etaj 4/4,Semidecomandat,https://www.imobiliare.ro/vanzare-garsoniere/timisoara/blascovici/garsoniera-de-vanzare-X89S000DF?lista=97723676
"OCAZIE!!DAMBOVITA, CENTRALA TERMICA, DECOMANDAT!!",33.000,o cameră,25 mp utili,Etaj 4/4,Decomandat,http://www.imobiliare.ro/vanzare-garsoniere/timisoara/dambovita/garsoniera-de-vanzare-X18900032?lista=97723676
"DAMBOVITA-ALFA, DECOMANDAT, CU CENTRALA TERMICA!!",33.000,o cameră,25 mp utili,Etaj 4/4,Decomandat,https://www.imobiliare.ro/vanzare-garsoniere/timisoara/dambovita/garsoniera-de-vanzare-X1890003E?lista=97723676
"Complexul Studentesc, oportunitate de investitie",29.900,o cameră,23 mp utili,Etaj 1/4,Decomandat,https://www.imobiliare.ro/vanzare-garsoniere/timisoara/complex-studentesc/garsoniera-de-vanzare-X41F100O7?lista=97723676
Calea Aradului Garsoniera Renovata Mobilata,24.000,o cameră,15 mp utili,Etaj 4/4,Semidecomandat,https://www.imobiliare.ro/vanzare-garsoniere/timisoara/aradului/garsoniera-de-vanzare-X7PS00040?lista=97723676
"Complex Studentesc, pretabil pentru investitie",31.500,o cameră,25 mp utili,Etaj 4/4,Decomandat,https://www.imobiliare.ro/vanzare-garsoniere/timisoara/complex-studentesc/garsoniera-de-vanzare-X9B9100HD?lista=97723676
Garsoniera Circumvalatiunii-Dacia 4 apartamente pe etaj parter inalt cu boxa CF,39.800,o cameră,22 mp utili,Parter/4,Semidecomandat,https://www.imobiliare.ro/vanzare-garsoniere/timisoara/dacia/garsoniera-de-vanzare-X7630000P?lista=97723676
"Apartament cu o camera, constructie noua!",37.750,o cameră,30.2 mp utili,Parter/1,Decomandat,https://www.imobiliare.ro/vanzare-garsoniere/timisoara/braytim/garsoniera-de-vanzare-X9BR1002J?lista=97723676
"Lipovei , decomandat, cu centrala proprie",40.000,o cameră,25 mp utili,Etaj 5/5,Decomandat,https://www.imobiliare.ro/vanzare-garsoniere/timisoara/lipovei/garsoniera-de-vanzare-XARP1000Q?lista=97723676
"Buziasului, racordat la gaz, ideal ca investitie",32.800,o cameră,24 mp utili,Etaj 1/4,Semidecomandat,https://www.imobiliare.ro/vanzare-garsoniere/timisoara/buziasului/garsoniera-de-vanzare-X41F1001V?lista=97723676
"Dacia, 1 camera, etaj 1, zona buna, ideala investitie",21.700,o cameră,12 mp utili,Etaj 1/4,Decomandat,https://www.imobiliare.ro/vanzare-garsoniere/timisoara/dacia/garsoniera-de-vanzare-X7J10000T?lista=97723676
"Garsoniera, renovata, zona Semicentrala",19.900,o cameră,12 mp utili,Etaj 1/4,Decomandat,https://www.imobiliare.ro/vanzare-garsoniere/timisoara/semicentral/garsoniera-de-vanzare-X41F100OT?lista=97723676
Zona Stadion Garsoniera,34.000,o cameră,24 mp utili,Etaj 4/4,Semidecomandat,https://www.imobiliare.ro/vanzare-garsoniere/timisoara/olimpia-stadion/garsoniera-de-vanzare-X7PS00021?lista=97723676
APARTAMENT 1CAM. ZONA ARADULUI LANGA IULIUS MALL,40.000,o cameră,36 mp utili,Etaj 9/9,Decomandat,https://www.imobiliare.ro/vanzare-garsoniere/timisoara/aradului/garsoniera-de-vanzare-X76300024?lista=97723676
"Apartament 1 camera, curte comuna, zona Cetatii",35.999,o cameră,27 mp utili,Parter,Semidecomandat,https://www.imobiliare.ro/vanzare-garsoniere/timisoara/cetatii/garsoniera-de-vanzare-X41F100CM?lista=97723676
Dambovita- 1 cam- Investitie- 38.000 Eu,38.000,o cameră,34 mp utili,Etaj 4/4,Decomandat,https://www.imobiliare.ro/vanzare-garsoniere/timisoara/dambovita/garsoniera-de-vanzare-X89S001M9?lista=97723676
Sagului- 1 cam- Pretabil pentru investitie!,19.500,o cameră,17 mp utili,Etaj 4/4,Decomandat,https://www.imobiliare.ro/vanzare-garsoniere/timisoara/sagului/garsoniera-de-vanzare-X89S001RC?lista=97723676
Garsoniera confort I zona Lipovei langa Thalia,36.800,o cameră,26 mp utili,Etaj 4/4,Semidecomandat,https://www.imobiliare.ro/vanzare-garsoniere/timisoara/lipovei/garsoniera-de-vanzare-X9V41000P?lista=97723676
Iuliu Maniu 1 camera 29 mp,29.000,o cameră,29 mp utili,Parter/1,Nedecomandat,https://www.imobiliare.ro/vanzare-garsoniere/timisoara/iosefin/garsoniera-de-vanzare-X9MT00005?lista=97723676
"Complex Studentesc , Garsoniera 18mp.",28.500,o cameră,18 mp utili,Parter/4,Semidecomandat,https://www.imobiliare.ro/vanzare-garsoniere/timisoara/complex-studentesc/garsoniera-de-vanzare-X7PS0002K?lista=97723676
Complex Studentesc Garsoniera,23.000,o cameră,12 mp utili,Etaj 2/4,Semidecomandat,https://www.imobiliare.ro/vanzare-garsoniere/timisoara/complex-studentesc/garsoniera-de-vanzare-X7PS0000N?lista=97723676
"Dacia, garsoniera amenajata, ideal investitie",24.000,o cameră,12 mp utili,Etaj 4/4,Decomandat,https://www.imobiliare.ro/vanzare-garsoniere/timisoara/dacia/garsoniera-de-vanzare-X84C10097?lista=97723676
Garsoniera Soarelui,25.000,o cameră,15 mp utili,Etaj 4/5,Semidecomandat,https://www.imobiliare.ro/vanzare-garsoniere/timisoara/soarelui/garsoniera-de-vanzare-X41F100A2?lista=97723676
"Apartament 1 camera, disponibil imediat, Piata Traian",27.000,o cameră,36 mp utili,Parter/2,Nedecomandat,https://www.imobiliare.ro/vanzare-garsoniere/timisoara/fabric/garsoniera-de-vanzare-X41F100F2?lista=97723676
Sagului- 1 cam- Potential investitional!,19.500,o cameră,23 mp utili,Etaj 4/4,Decomandat,https://www.imobiliare.ro/vanzare-garsoniere/timisoara/sagului/garsoniera-de-vanzare-X89S001N8?lista=97723676
Apartament 1 camera 32mp Stadion,39.900,o cameră,32 mp utili,Etaj 3/4,Decomandat,https://www.imobiliare.ro/vanzare-garsoniere/timisoara/olimpia-stadion/garsoniera-de-vanzare-X7PS0003T?lista=97723676
Lipovei - Ap. 1 cam - 5 minute de Iulius Mall,34.000,o cameră,22 mp utili,Etaj 2/4,Semidecomandat,https://www.imobiliare.ro/vanzare-garsoniere/timisoara/lipovei/garsoniera-de-vanzare-X7PS0000R?lista=97723676
Sarbatorile vin in noul tau camin!,38.000,o cameră,38 mp utili,Etaj 1/2,Decomandat,https://www.imobiliare.ro/vanzare-garsoniere/timisoara/torontalului/garsoniera-de-vanzare-X6UV10006?lista=97723676
Complex Studentec Garsoniera,31.499,o cameră,21 mp utili,Etaj 3/4,Semidecomandat,https://www.imobiliare.ro/vanzare-garsoniere/timisoara/complex-studentesc/garsoniera-de-vanzare-X7PS00029?lista=97723676
"Apartament 1 camera decomandat, Buziasului",33.000,o cameră,30 mp utili,Mansarda/5,Decomandat,https://www.imobiliare.ro/vanzare-garsoniere/timisoara/buziasului/garsoniera-de-vanzare-X9OS0003N?lista=97723676
"Garsoniera, zona UMT, merita vizionata",33.000,o cameră,27 mp utili,Parter/4,Decomandat,https://www.imobiliare.ro/vanzare-garsoniere/timisoara/umt/garsoniera-de-vanzare-X41F100EJ?lista=97723676
"Complex Studentesc, garsoniera cocheta, merita vazuta",29.500,o cameră,16 mp utili,Etaj 4/4,Decomandat,https://www.imobiliare.ro/vanzare-garsoniere/timisoara/complex-studentesc/garsoniera-de-vanzare-XARP1000R?lista=97723676
"Garsoniera 22mp, recent renovata, zona Buziasului",31.500,o cameră,22 mp utili,Etaj 3/4,Decomandat,https://www.imobiliare.ro/vanzare-garsoniere/timisoara/buziasului/garsoniera-de-vanzare-X41F100BJ?lista=97723676
"Ideal pentru investitie, zona Buziasului",35.000,o cameră,25 mp utili,Etaj 4/4,Decomandat,https://www.imobiliare.ro/vanzare-garsoniere/timisoara/ciarda-rosie/garsoniera-de-vanzare-XAOV1000T?lista=97723676
"DAMBOVITA-ALFA, CU CENTRALA TERMICA, DECMANDAT !!",33.000,o cameră,25 mp utili,Etaj 4/4,Decomandat,https://www.imobiliare.ro/vanzare-garsoniere/timisoara/dambovita/garsoniera-de-vanzare-X18900036?lista=97723676
"Garsoniera in zona Lipovei, merita vazuta",30.500,o cameră,16 mp utili,Parter/4,Semidecomandat,https://www.imobiliare.ro/vanzare-garsoniere/timisoara/lipovei/garsoniera-de-vanzare-X41F1007U?lista=97723676
"Buziasului, ideal ca investitie",30.000,o cameră,24 mp utili,Parter/4,Semidecomandat,https://www.imobiliare.ro/vanzare-garsoniere/timisoara/buziasului/garsoniera-de-vanzare-X41F100HP?lista=97723676
Apartament o camere Balcescu,38.000,o cameră,30 mp utili,Parter/1,Semidecomandat,https://www.imobiliare.ro/vanzare-garsoniere/timisoara/balcescu/garsoniera-de-vanzare-X9BR10008?lista=97723676
Aproape de mijloace de transport. Pretabil pentru Investitie.,37.000,o cameră,20 mp utili,Parter/4,Semidecomandat,https://www.imobiliare.ro/vanzare-garsoniere/timisoara/dorobantilor/garsoniera-de-vanzare-X9B9100HJ?lista=97723676
Apartament cu o camera in Lipovei,40.000,o cameră,42 mp utili,Mansarda/4,Semidecomandat,https://www.imobiliare.ro/vanzare-garsoniere/timisoara/lipovei/garsoniera-de-vanzare-X41F100BT?lista=97723676
Vis a Vis de Shopping City. Disponibilitate Imediat.,28.500,o cameră,23 mp utili,Etaj 5/5,Decomandat,https://www.imobiliare.ro/vanzare-garsoniere/timisoara/steaua/garsoniera-de-vanzare-X9B91005D?lista=97723676
Etaj intermediar. Ideal pentru investitie.,36.000,o cameră,22 mp utili,Etaj 3/4,Semidecomandat,https://www.imobiliare.ro/vanzare-garsoniere/timisoara/aradului/garsoniera-de-vanzare-X9B91003R?lista=97723676
Apartament cu 1 camera,37.000,o cameră,32 mp utili,Etaj 1/4,Decomandat,https://www.imobiliare.ro/vanzare-garsoniere/timisoara/calea-urseni/garsoniera-de-vanzare-X41F1008M?lista=97723676
"Apartament 1 camera, 21 mp, zona Iosefin",34.000,o cameră,21 mp utili,Etaj 3/4,Decomandat,https://www.imobiliare.ro/vanzare-garsoniere/timisoara/iosefin/garsoniera-de-vanzare-X41F100FL?lista=97723676
Stadion Apartament 1 camere 37.500 Euro,37.500,o cameră,32 mp utili,Etaj 2/4,Decomandat,https://www.imobiliare.ro/vanzare-garsoniere/timisoara/olimpia-stadion/garsoniera-de-vanzare-X7PS0002R?lista=97723676
"Apartament deosebit, mobilat si utilat complet, lux",32.900,o cameră,30 mp utili,Mansarda/4,Decomandat,https://www.imobiliare.ro/vanzare-garsoniere/timisoara/buziasului/garsoniera-de-vanzare-X42O0001I?lista=97723676
Ap 1 Cam- 1000 euro/mp,37.000,o cameră,35 mp utili,Etaj 1/3,Decomandat,https://www.imobiliare.ro/vanzare-garsoniere/timisoara/braytim/garsoniera-de-vanzare-XA9A0000I?lista=97723676
"1 camera, Buziasului, Recent renovata!",31.500,o cameră,22 mp utili,Etaj 3/4,Decomandat,https://www.imobiliare.ro/vanzare-garsoniere/timisoara/buziasului/garsoniera-de-vanzare-X84C1006R?lista=97723676
"Garsoniera, zona Buziasului",31.000,o cameră,24 mp utili,Etaj 1/4,Semidecomandat,https://www.imobiliare.ro/vanzare-garsoniere/timisoara/buziasului/garsoniera-de-vanzare-X41F100NP?lista=97723676
GARSONIERA ZONA TELEGRAFULUI APROAPE DE KAUFLAND,38.500,o cameră,23 mp utili,Parter/4,Semidecomandat,https://www.imobiliare.ro/vanzare-garsoniere/timisoara/telegrafului/garsoniera-de-vanzare-X7630001G?lista=97723676
Steaua- 1 cam- Mobilat- clima- 19500 E!,19.500,o cameră,17 mp utili,Etaj 4/4,Decomandat,https://www.imobiliare.ro/vanzare-garsoniere/timisoara/steaua/garsoniera-de-vanzare-X89S0016F?lista=97723676
Stadion Garsoniera 28.000 Euro,28.000,o cameră,24 mp utili,Etaj 4/4,Decomandat,https://www.imobiliare.ro/vanzare-garsoniere/timisoara/olimpia-stadion/garsoniera-de-vanzare-X7PS0002C?lista=97723676
Garsoniera Buziasului,31.500,o cameră,22 mp utili,Etaj 3/4,Decomandat,https://www.imobiliare.ro/vanzare-garsoniere/timisoara/buziasului/garsoniera-de-vanzare-X41F100OG?lista=97723676
Apartament 1 camera Buziasului,33.200,o cameră,24 mp utili,Etaj 1/4,Decomandat,https://www.imobiliare.ro/vanzare-garsoniere/timisoara/buziasului/garsoniera-de-vanzare-X7PS0001R?lista=97723676
"Garsoniera ,Calea Buziasului, AEM",31.000,o cameră,20 mp utili,Etaj 1/4,Semidecomandat,https://www.imobiliare.ro/vanzare-garsoniere/timisoara/buziasului/garsoniera-de-vanzare-X41F10032?lista=97723676
"Spitalul Judetean, mobilat si utilat",36.000,o cameră,30 mp utili,Etaj 5/5,Semidecomandat,https://www.imobiliare.ro/vanzare-garsoniere/timisoara/spitalul-judetean/garsoniera-de-vanzare-X41F100HM?lista=97723676
Ideal pentru investitie. Amenajat. Zona linistita.,21.800,o cameră,12 mp utili,Parter/4,Nedecomandat,https://www.imobiliare.ro/vanzare-garsoniere/timisoara/complex-studentesc/garsoniera-de-vanzare-X0Q610A4E?lista=97723676
Apartament o camera Sinaia,40.000,o cameră,35 mp utili,Parter,Decomandat,https://www.imobiliare.ro/vanzare-garsoniere/timisoara/sinaia/garsoniera-de-vanzare-X9BR1001O?lista=97723676
"1 camera, Buziasului, Centrala proprie!",33.000,o cameră,30 mp utili,Etaj 5/5,Decomandat,https://www.imobiliare.ro/vanzare-garsoniere/timisoara/buziasului/garsoniera-de-vanzare-X84C100ER?lista=97723676
"1 camera, Complex-Studentesc, etaj intermediar!",30.000,o cameră,21 mp utili,Etaj 1/4,Decomandat,https://www.imobiliare.ro/vanzare-garsoniere/timisoara/complex-studentesc/garsoniera-de-vanzare-X84C1005V?lista=97723676
"Pretabil pentru investitie, zona buna",32.500,o cameră,15.42 mp utili,Etaj 4/4,Decomandat,https://www.imobiliare.ro/vanzare-garsoniere/timisoara/complex-studentesc/garsoniera-de-vanzare-X9B91004I?lista=97723676
Steaua - amenajat la cheie pentru chiriasi - 19500 eu negociabil!,19.500,o cameră,17 mp utili,Etaj 4/4,Decomandat,https://www.imobiliare.ro/vanzare-garsoniere/timisoara/steaua/garsoniera-de-vanzare-X89S001L5?lista=97723676
"Braytim-Urseni, Proiect modernist, Apartamente noi",39.000,o cameră,35 mp utili,Etaj 1/3,Decomandat,https://www.imobiliare.ro/vanzare-garsoniere/timisoara/braytim/garsoniera-de-vanzare-X84C1005A?lista=97723676
Gars et3 -23 mp - Complexul Studentesc,39.000,o cameră,23 mp utili,Etaj 3/4,Decomandat,https://www.imobiliare.ro/vanzare-garsoniere/timisoara/complex-studentesc/garsoniera-de-vanzare-X6SD1001Q?lista=97723676
"Apartament cu o camera de vanzare, bloc nou, Braytim",38.000,o cameră,30 mp utili,Parter/1,Decomandat,https://www.imobiliare.ro/vanzare-garsoniere/timisoara/braytim/garsoniera-de-vanzare-X7940002M?lista=97723676
Complexul Studentesc Garsoniera Termopan Renovat,27.999,o cameră,18 mp utili,Etaj 4/4,Semidecomandat,https://www.imobiliare.ro/vanzare-garsoniere/timisoara/complex-studentesc/garsoniera-de-vanzare-X7PS0003V?lista=97723676
"Apartament cu o camera, constructie noua!",37.750,o cameră,30.2 mp utili,Parter/1,Decomandat,https://www.imobiliare.ro/vanzare-garsoniere/timisoara/braytim/garsoniera-de-vanzare-X9BR10015?lista=97723676
"Etaj intermediar, aproape de mijloacele de transport.",32.300,o cameră,21 mp utili,Etaj 3/4,Semidecomandat,https://www.imobiliare.ro/vanzare-garsoniere/timisoara/buziasului/garsoniera-de-vanzare-X0Q610AKS?lista=97723676
"1 camera, decomandat, Dambovita !",40.000,o cameră,38 mp utili,Etaj 4/4,Decomandat,https://www.imobiliare.ro/vanzare-garsoniere/timisoara/dambovita/garsoniera-de-vanzare-XAKF00005?lista=97723676
"Sagului, Ap 1 cam, decomandat 32mp UTIL",39.000,o cameră,32 mp utili,Etaj 4/4,Decomandat,https://www.imobiliare.ro/vanzare-garsoniere/timisoara/sagului/garsoniera-de-vanzare-XARP10005?lista=97723676
Garsonieră de vânzare,19.500,o cameră,11 mp utili,Etaj 2/5,Nedecomandat,https://www.imobiliare.ro/vanzare-garsoniere/timisoara/complex-studentesc/garsoniera-de-vanzare-X9OS00010?lista=97723676
Modern- Garsoniera - RENOVAT,21.000,o cameră,16 mp utili,Etaj 2/4,Decomandat,https://www.imobiliare.ro/vanzare-garsoniere/timisoara/dorobantilor/garsoniera-de-vanzare-X7PS0000O?lista=97723676
"Apartament cu 1 camera, Buziasului, Etaj intermediar.",32.000,o cameră,24 mp utili,Etaj 2/4,Semidecomandat,https://www.imobiliare.ro/vanzare-garsoniere/timisoara/buziasului/garsoniera-de-vanzare-X84C10029?lista=97723676
"Apartament 1 camera, Piata Unirii",26.500,o cameră,10 mp utili,Etaj 1/2,Nedecomandat,https://www.imobiliare.ro/vanzare-garsoniere/timisoara/ultracentral/garsoniera-de-vanzare-X41F100BK?lista=97723676
Garsoniera Calea Sagului Profi,22.000,o cameră,15 mp utili,Mansarda/4,Semidecomandat,https://www.imobiliare.ro/vanzare-garsoniere/timisoara/sagului/garsoniera-de-vanzare-X41F100N7?lista=97723676
"TELEGRAFULUI, AMENAJAT, MOBILAT SI UTILAT!!",33.000,o cameră,20 mp utili,Etaj 4/4,Nedecomandat,https://www.imobiliare.ro/vanzare-garsoniere/timisoara/telegrafului/garsoniera-de-vanzare-X18900021?lista=97723676
Garsonieră de vânzare,35.000,o cameră,21 mp utili,Parter/4,Semidecomandat,https://www.imobiliare.ro/vanzare-garsoniere/timisoara/aradului/garsoniera-de-vanzare-X0NR100VA?lista=97723676
Garsonieră de vânzare,27.000,o cameră,27 mp utili,Demisol/2,Nedecomandat,https://www.imobiliare.ro/vanzare-garsoniere/timisoara/balcescu/garsoniera-de-vanzare-X0NR100VO?lista=97723676
Ocazie!! 1 camera decomandat Dacia la 7 min de Mall amenajat,39.800,o cameră,28 mp utili,Etaj 4/4,Decomandat,https://www.imobiliare.ro/vanzare-garsoniere/timisoara/dacia/garsoniera-de-vanzare-X7630001A?lista=97723676
"1 camera, Girocului, Mobilat si utilat.",27.000,o cameră,18 mp utili,Parter/4,Semidecomandat,https://www.imobiliare.ro/vanzare-garsoniere/timisoara/girocului/garsoniera-de-vanzare-X84C1003F?lista=97723676
Sagului- 1 cam- Potential investitional!,19.500,o cameră,17 mp utili,Etaj 4/4,Decomandat,https://www.imobiliare.ro/vanzare-garsoniere/timisoara/sagului/garsoniera-de-vanzare-X89S001T0?lista=97723676
"Garsoniera Aradului, et. 1",30.500,o cameră,22 mp utili,Etaj 1/4,Semidecomandat,https://www.imobiliare.ro/vanzare-garsoniere/timisoara/aradului/garsoniera-de-vanzare-X6GI1000C?lista=97723676
Complex apartament o camera,32.000,o cameră,27 mp utili,Parter/1,Decomandat,https://www.imobiliare.ro/vanzare-garsoniere/timisoara/complex-studentesc/garsoniera-de-vanzare-X9MT00007?lista=97723676
Apartament 1 camera in Zona Girocului,27.800,o cameră,17 mp utili,Etaj 4/4,Decomandat,https://www.imobiliare.ro/vanzare-garsoniere/timisoara/girocului/garsoniera-de-vanzare-X41F100C7?lista=97723676
Apartament cu o camera Calea Sagului,35.000,o cameră,31 mp utili,Etaj 4/4,Decomandat,https://www.imobiliare.ro/vanzare-garsoniere/timisoara/sagului/garsoniera-de-vanzare-X9O30006G?lista=97723676
"Complex Studentesc, etaj 1, ideala pentru investitie",29.500,o cameră,18 mp utili,Etaj 1/4,Decomandat,https://www.imobiliare.ro/vanzare-garsoniere/timisoara/complex-studentesc/garsoniera-de-vanzare-XARP1000P?lista=97723676
Garsoniera confort 1,39.000,o cameră,25 mp utili,Etaj 3/4,Decomandat,https://www.imobiliare.ro/vanzare-garsoniere/timisoara/girocului/garsoniera-de-vanzare-X41F100KV?lista=97723676
"Apartament cu 1 camera, zona Buziasului!",27.500,o cameră,22 mp utili,Etaj 4/4,Semidecomandat,https://www.imobiliare.ro/vanzare-garsoniere/timisoara/buziasului/garsoniera-de-vanzare-X84C100DC?lista=97723676
"Sagului- 1 cam- Mobilat, utilat-19500 E",19.500,o cameră,17 mp utili,Etaj 4/4,Decomandat,https://www.imobiliare.ro/vanzare-garsoniere/timisoara/sagului/garsoniera-de-vanzare-X89S001UD?lista=97723676
"Zona Buziasului, pentru investitie pe termen lung",27.800,o cameră,21 mp utili,Etaj 4/4,Nedecomandat,https://www.imobiliare.ro/vanzare-garsoniere/timisoara/buziasului/garsoniera-de-vanzare-XAQU10009?lista=97723676
Apartament 1 camera zona Buziasului,35.000,o cameră,24 mp utili,Etaj 4/5,Decomandat,https://www.imobiliare.ro/vanzare-garsoniere/timisoara/buziasului/garsoniera-de-vanzare-X9O30006O?lista=97723676
Investitie buna!!!,35.000,o cameră,27 mp utili,Parter/4,Semidecomandat,https://www.imobiliare.ro/vanzare-garsoniere/timisoara/lipovei/garsoniera-de-vanzare-X0Q610KF7?lista=97723676
Complex Studentesc Apartament 1 camera 35.000 Euro,35.000,o cameră,26 mp utili,Etaj 4/4,Decomandat,https://www.imobiliare.ro/vanzare-garsoniere/timisoara/complex-studentesc/garsoniera-de-vanzare-X7PS00030?lista=97723676
Complex-Olimpia Apartament 1 camera 36.500 Euro,36.500,o cameră,26 mp utili,Parter/4,Decomandat,https://www.imobiliare.ro/vanzare-garsoniere/timisoara/olimpia-stadion/garsoniera-de-vanzare-X7PS00027?lista=97723676
Garsoniera confort 1 Lunei,39.000,o cameră,30 mp utili,Etaj 4/4,Decomandat,https://www.imobiliare.ro/vanzare-garsoniere/timisoara/lunei/garsoniera-de-vanzare-X41F1006F?lista=97723676
Complex Studentesc Garsoniera 22.800 Euro,22.800,o cameră,12 mp utili,Parter/4,Semidecomandat,https://www.imobiliare.ro/vanzare-garsoniere/timisoara/complex-studentesc/garsoniera-de-vanzare-X7PS0002B?lista=97723676
Garsoniera in zona Aradului,32.000,o cameră,21 mp utili,Etaj 1/4,Semidecomandat,https://www.imobiliare.ro/vanzare-garsoniere/timisoara/aradului/garsoniera-de-vanzare-X41F1005J?lista=97723676
"1 camera, Buziasului, Etaj intermediar!",39.000,o cameră,28 mp utili,Etaj 1/4,Nedecomandat,https://www.imobiliare.ro/vanzare-garsoniere/timisoara/buziasului/garsoniera-de-vanzare-X84C100AJ?lista=97723676
"1 camera, decomandat, Sagului-Dambovita !",40.000,o cameră,35 mp utili,Etaj 4/4,Decomandat,https://www.imobiliare.ro/vanzare-garsoniere/timisoara/sagului/garsoniera-de-vanzare-XAKF0000P?lista=97723676
"Garsoniera, Zona Sagului",36.000,o cameră,22 mp utili,Etaj 2/4,Semidecomandat,https://www.imobiliare.ro/vanzare-garsoniere/timisoara/sagului/garsoniera-de-vanzare-X7630001F?lista=97723676
Garsoniera de Lux Complexul Studentesc,29.500,o cameră,16 mp utili,Etaj 4/4,Semidecomandat,https://www.imobiliare.ro/vanzare-garsoniere/timisoara/complex-studentesc/garsoniera-de-vanzare-X41F10027?lista=97723676
Garsoniera zona UMT,20.500,o cameră,16 mp utili,Parter/4,Semidecomandat,https://www.imobiliare.ro/vanzare-garsoniere/timisoara/umt/garsoniera-de-vanzare-X9O300011?lista=97723676
"Ocazie-Sagului- 1 cam- mobilat, utilat- 19500 E!",19.500,o cameră,17 mp utili,Etaj 4/4,Decomandat,https://www.imobiliare.ro/vanzare-garsoniere/timisoara/sagului/garsoniera-de-vanzare-X89S00208?lista=97723676
Apartament o camera Blascovici,33.000,o cameră,26 mp utili,Parter/4,Decomandat,https://www.imobiliare.ro/vanzare-garsoniere/timisoara/blascovici/garsoniera-de-vanzare-X7J10000C?lista=97723676
"Inchiriaza-l imediat, zona Telegrafului",36.500,o cameră,22 mp utili,Etaj 4/4,Semidecomandat,https://www.imobiliare.ro/vanzare-garsoniere/timisoara/telegrafului/garsoniera-de-vanzare-XAOV1000R?lista=97723676
"Apartament cu o camera, constructie noua!",37.750,o cameră,30.2 mp utili,Parter/1,Decomandat,https://www.imobiliare.ro/vanzare-garsoniere/timisoara/braytim/garsoniera-de-vanzare-X9BR1002N?lista=97723676
"Buziasului, etaj intermediar, mobilat si utilat",40.000,o cameră,30 mp utili,Etaj 4/5,Decomandat,https://www.imobiliare.ro/vanzare-garsoniere/timisoara/buziasului/garsoniera-de-vanzare-XARP10013?lista=97723676
"Apartament 1 camera, Zona Sagului",37.000,o cameră,31 mp utili,Etaj 4/5,Decomandat,https://www.imobiliare.ro/vanzare-garsoniere/timisoara/sagului/garsoniera-de-vanzare-X7630001S?lista=97723676
"Zona Telegrafului, garsoniera pretabila pentru investitie",37.500,o cameră,22 mp utili,Etaj 4/4,Decomandat,https://www.imobiliare.ro/vanzare-garsoniere/timisoara/telegrafului/garsoniera-de-vanzare-XARP10014?lista=97723676
"Garsoniera libera, Piata Balcescu",28.000,o cameră,20 mp utili,Demisol/2,Semidecomandat,https://www.imobiliare.ro/vanzare-garsoniere/timisoara/balcescu/garsoniera-de-vanzare-X4AO0005G?lista=97723676
"Apartament 1 camera, zona Lipovei.",33.500,o cameră,22 mp utili,Etaj 1,Semidecomandat,https://www.imobiliare.ro/vanzare-garsoniere/timisoara/lipovei/garsoniera-de-vanzare-X6UV1002F?lista=97723676
1 camere Girocului aproape de Lidl,35.000,o cameră,28 mp utili,Etaj 4/4,Semidecomandat,https://www.imobiliare.ro/vanzare-garsoniere/timisoara/girocului/garsoniera-de-vanzare-X8600000Q?lista=97723676
"Garsoniera Complex Studentesc, disponibila imediat",28.000,o cameră,16 mp utili,Parter,Decomandat,https://www.imobiliare.ro/vanzare-garsoniere/timisoara/complex-studentesc/garsoniera-de-vanzare-X41F100KC?lista=97723676
Sagului Piata Garsoniera,36.000,o cameră,22 mp utili,Etaj 2/4,Semidecomandat,https://www.imobiliare.ro/vanzare-garsoniere/timisoara/sagului/garsoniera-de-vanzare-X8600001F?lista=97723676
"Cele mai bune preturi de pe piata de vanzare apartament cu 1,2 si 3 camere",,o cameră,Etaj 1,Decomandat,Vezi telefon,https://www.imobiliare.ro/vanzare-garsoniere/timisoara/calea-urseni/garsoniera-de-vanzare-X9FK00030?lista=97723676
Vand garsoniera in zona Girocului,22.500,o cameră,16 mp utili,Etaj 3,Nedecomandat,https://www.imobiliare.ro/vanzare-garsoniere/timisoara/girocului/garsoniera-de-vanzare-XA5J0001D?lista=97723676
"OT026 Garsoniera, Mobilata-Utilata, Zona Buziasului",27.500,o cameră,20 mp utili,Etaj 4/4,Semidecomandat,https://www.imobiliare.ro/vanzare-garsoniere/timisoara/buziasului/garsoniera-de-vanzare-X7SO00011?lista=97723676
"Oferim spre vanzare, Garsoniera, 14 mp, Complex Studentesc",24.999,o cameră,14 mp utili,Parter/4,Semidecomandat,https://www.imobiliare.ro/vanzare-garsoniere/timisoara/complex-studentesc/garsoniera-de-vanzare-X7C00003C?lista=97723676
Apartament 1 camera Fabric!,39.000,o cameră,30 mp utili,Etaj 4/4,Decomandat,https://www.imobiliare.ro/vanzare-garsoniere/timisoara/fabric/garsoniera-de-vanzare-X8JO00023?lista=97723676
Garsoniera Zona Aem Buziasului cu balcon,30.000,o cameră,24 mp utili,Etaj 1/4,Semidecomandat,https://www.imobiliare.ro/vanzare-garsoniere/timisoara/buziasului/garsoniera-de-vanzare-X8600001D?lista=97723676
Garsoniera in Complexul Studentesc,32.500,o cameră,20 mp utili,Etaj 3,Decomandat,https://www.imobiliare.ro/vanzare-garsoniere/timisoara/complex-studentesc/garsoniera-de-vanzare-X41F100AG?lista=97723676
1 Camera Renovata - Zona Tipografilor - Kaufland,39.000,o cameră,28 mp utili,Etaj 4/4,Semidecomandat,https://www.imobiliare.ro/vanzare-garsoniere/timisoara/tipografilor/garsoniera-de-vanzare-X86F0000V?lista=97723676
Garsonieră de vânzare,25.000,o cameră,17 mp utili,Parter,Bloc nou,https://www.imobiliare.ro/vanzare-garsoniere/timisoara/lipovei/garsoniera-de-vanzare-X6EM0000I?lista=97723676
"Apartament cu o camera, 32mp, centrala proprie, Buziasului",38.999,o cameră,32 mp utili,Etaj 5,Decomandat,https://www.imobiliare.ro/vanzare-garsoniere/timisoara/buziasului/garsoniera-de-vanzare-X41F100K2?lista=97723676
"AT064, Apartament 1 Camera, Mobilat, Zona Blascovici",29.000,o cameră,24 mp utili,Etaj 2,Decomandat,https://www.imobiliare.ro/vanzare-garsoniere/timisoara/blascovici/garsoniera-de-vanzare-X7SO000D2?lista=97723676
Garsoniera in zona Girocului,27.000,o cameră,18 mp utili,Parter,Nedecomandat,https://www.imobiliare.ro/vanzare-garsoniere/timisoara/girocului/garsoniera-de-vanzare-X41F100P0?lista=97723676
Garsoniera Aradului amenajata,30.500,o cameră,22 mp utili,Etaj 1,Decomandat,https://www.imobiliare.ro/vanzare-garsoniere/timisoara/aradului/garsoniera-de-vanzare-XARF00002?lista=97723676
Vând garsoniera mobilată Aradului 31000 euro,31.000,o cameră,23 mp utili,Etaj 1/4,31.000,https://www.imobiliare.ro/vanzare-garsoniere/timisoara/aradului/garsoniera-de-vanzare-X7A7000FF?lista=97723676
"AT069, Garsoniera, Etaj Intermediar, Zona Buziasului",31.000,o cameră,20 mp utili,Etaj 1,Decomandat,https://www.imobiliare.ro/vanzare-garsoniere/timisoara/buziasului/garsoniera-de-vanzare-X7SO000EN?lista=97723676
"Braytim Ap 1 cam Nou , La Cheie",36.000,o cameră,33 mp utili,Parter/3,Decomandat,https://www.imobiliare.ro/vanzare-garsoniere/timisoara/braytim/garsoniera-de-vanzare-X7PS00024?lista=97723676
Apartament 1 camera 17 mp,17.000,o cameră,17 mp utili,Parter,17.000,https://www.imobiliare.ro/vanzare-garsoniere/timisoara/iosefin/garsoniera-de-vanzare-X9MT0000A?lista=97723676
Garsoniera / Buziasului,24.100,o cameră,21 mp utili,Etaj 4/4,Nedecomandat,https://www.imobiliare.ro/vanzare-garsoniere/timisoara/buziasului/garsoniera-de-vanzare-X9OL0000M?lista=97723676
"ocazie!!! Girocului - Plavat , 1 Camera parter inalt",36.500,o cameră,28 mp utili,Parter/4,Semidecomandat,https://www.imobiliare.ro/vanzare-garsoniere/timisoara/girocului/garsoniera-de-vanzare-X86F0000C?lista=97723676
"Garsoniera confort I etaj 4/5 zona Sagului (Doina), bloc izolat",36.800,o cameră,27 mp utili,Etaj 4/5,Semidecomandat,https://www.imobiliare.ro/vanzare-garsoniere/timisoara/sagului/garsoniera-de-vanzare-X9V41000B?lista=97723676
Circumvalatiunii - 1 Camera complet mobilat,40.000,o cameră,35 mp utili,Etaj 10/10,Semidecomandat,https://www.imobiliare.ro/vanzare-garsoniere/timisoara/circumvalatiunii/garsoniera-de-vanzare-X86F0000G?lista=97723676
Apartament spatios mobilat,31.000,o cameră,35 mp utili,Parter,Decomandat,https://www.imobiliare.ro/vanzare-garsoniere/timisoara/iosefin/garsoniera-de-vanzare-X0NR00009?lista=97723676
Garsoniera Zona Medicina,18.500,o cameră,12 mp utili,Etaj 3,Decomandat,https://www.imobiliare.ro/vanzare-garsoniere/timisoara/medicina/garsoniera-de-vanzare-X9BR1000N?lista=97723676
"AT050, Apartament 1 Camera, Mobilat, Zona Buziasului",35.000,o cameră,26 mp utili,Parter,Semidecomandat,https://www.imobiliare.ro/vanzare-garsoniere/timisoara/buziasului/garsoniera-de-vanzare-X7SO0000I?lista=97723676
"Garsonierra, zona Aradului-Agronomie.",32.000,o cameră,22 mp utili,Etaj 1,Semidecomandat,https://www.imobiliare.ro/vanzare-garsoniere/timisoara/aradului/garsoniera-de-vanzare-X6UV10019?lista=97723676
"Garsoniera de vanzare, zona Medicina",31.000,o cameră,22 mp utili,Etaj 4,Decomandat,https://www.imobiliare.ro/vanzare-garsoniere/timisoara/medicina/garsoniera-de-vanzare-XADA00005?lista=97723676
Garsonieră de vânzare,37.000,o cameră,24 mp utili,Etaj 4/4,Semidecomandat,https://www.imobiliare.ro/vanzare-garsoniere/timisoara/aradului/garsoniera-de-vanzare-X7CJ0001I?lista=97723676
"1 Camera - Blascovici, Complet Mobilata si Utilata",29.800,o cameră,22 mp utili,Parter/4,Decomandat,https://www.imobiliare.ro/vanzare-garsoniere/timisoara/blascovici/garsoniera-de-vanzare-X86F0000B?lista=97723676
Zona Barnutiu 1 cam etaj 3,36.599,o cameră,22 mp utili,Etaj 3,Semidecomandat,https://www.imobiliare.ro/vanzare-garsoniere/timisoara/badea-cartan/garsoniera-de-vanzare-X6N20001A?lista=97723676
Garsoniera Soarelui,27.900,o cameră,16 mp utili,Etaj 4,Semidecomandat,https://www.imobiliare.ro/vanzare-garsoniere/timisoara/soarelui/garsoniera-de-vanzare-XARF00012?lista=97723676
Vand 2 garsoniere aproape de centru,21.000,o cameră,12 mp utili,Etaj 3/4,Nedecomandat,https://www.imobiliare.ro/vanzare-garsoniere/timisoara/sagului/garsoniera-de-vanzare-X4A30006O?lista=97723676
Garsoniera 15 mp - baie proprie,19.500,o cameră,15 mp utili,Etaj 4/4,19.500,https://www.imobiliare.ro/vanzare-garsoniere/timisoara/freidorf/garsoniera-de-vanzare-X6SD10026?lista=97723676
"OP630 Aradului, Garsoniera,Renovata,Nemobilata",30.500,o cameră,22 mp utili,Etaj 1/4,30.500,https://www.imobiliare.ro/vanzare-garsoniere/timisoara/aradului/garsoniera-de-vanzare-X7SO0003E?lista=97723676
"AT040, Apartament 1 Camera, Zona Buziasului, Mobilat",33.000,o cameră,30 mp utili,Etaj 5,Semidecomandat,https://www.imobiliare.ro/vanzare-garsoniere/timisoara/buziasului/garsoniera-de-vanzare-X7SO0008B?lista=97723676
Nou!! Lipovei 1 cam et 1 27mp,40.000,o cameră,27 mp utili,Etaj 1,Semidecomandat,https://www.imobiliare.ro/vanzare-garsoniere/timisoara/i-i-de-la-brad/garsoniera-de-vanzare-X6N20001I?lista=97723676
"Apartamentcu 1 camera, zona Buziasului",36.500,o cameră,32 mp utili,Parter,Decomandat,https://www.imobiliare.ro/vanzare-garsoniere/timisoara/buziasului/garsoniera-de-vanzare-X41F10085?lista=97723676
Garsonieră de vânzare,29.000,o cameră,22 mp utili,Etaj 2/4,Semidecomandat,https://www.imobiliare.ro/vanzare-garsoniere/timisoara/buziasului/garsoniera-de-vanzare-X16B100JV?lista=97723676
Garsonieră de vânzare,37.000,o cameră,40 mp utili,Parter,Decomandat,https://www.imobiliare.ro/vanzare-garsoniere/timisoara/iosefin/garsoniera-de-vanzare-X0NR100VP?lista=97723676
Zona Stadion Dan Paltinisan 1 cam parter,39.000,o cameră,22 mp utili,Parter,Semidecomandat,https://www.imobiliare.ro/vanzare-garsoniere/timisoara/spitalul-judetean/garsoniera-de-vanzare-X6N20001F?lista=97723676
"garsoniera,calea sagului,de la PROPRIETAR",26.500,o cameră,15 mp utili,Etaj 4/4,Semidecomandat,https://www.imobiliare.ro/vanzare-garsoniere/timisoara/sagului/garsoniera-de-vanzare-X6N200017?lista=97723676
Apartament cu 1 camere de vanzare in zona Aradului,30.500,o cameră,22 mp utili,Etaj 1,Semidecomandat,https://www.imobiliare.ro/vanzare-garsoniere/timisoara/aradului/garsoniera-de-vanzare-X41F100G2?lista=97723676
Girocului Ap 1 cam,23.000,o cameră,15 mp utili,Etaj 2/4,Decomandat,https://www.imobiliare.ro/vanzare-garsoniere/timisoara/girocului/garsoniera-de-vanzare-X7PS0001J?lista=97723676
"Apartament 1 camera, zona Circumvalatiuni.",40.000,o cameră,34 mp utili,Etaj 10,40.000,https://www.imobiliare.ro/vanzare-garsoniere/timisoara/circumvalatiunii/garsoniera-de-vanzare-X6UV1000V?lista=97723676
1 camera langa Iulius Mall,37.500,o cameră,28 mp utili,Parter/4,37.500,https://www.imobiliare.ro/vanzare-garsoniere/timisoara/aradului/garsoniera-de-vanzare-XA1I0000V?lista=97723676
Pretabil pentru Investitie. Zona Linistita.,35.900,o cameră,24 mp utili,Parter/4,Semidecomandat,https://www.imobiliare.ro/vanzare-garsoniere/timisoara/soarelui/garsoniera-de-vanzare-X9B9100I1?lista=97723676
Garsoniera Renovata Complexul Studentesc,28.500,o cameră,18 mp utili,Parter,Semidecomandat,https://www.imobiliare.ro/vanzare-garsoniere/timisoara/complex-studentesc/garsoniera-de-vanzare-XA070004Q?lista=97723676
Vand Garsoniera - Complex Studentesc,22.000,o cameră,14 mp utili,Etaj 4,Semidecomandat,https://www.imobiliare.ro/vanzare-garsoniere/timisoara/complex-studentesc/garsoniera-de-vanzare-X02V1003B?lista=97723676
"Buziasului, garsoniera, parter 24mp utililata si mobilata",29.999,o cameră,24 mp utili,Parter,Decomandat,https://www.imobiliare.ro/vanzare-garsoniere/timisoara/buziasului/garsoniera-de-vanzare-X41F100O8?lista=97723676
"Garsoniera renovata, zona Aradului-Agronomie.",34.000,o cameră,22 mp utili,Etaj 4,34.000,https://www.imobiliare.ro/vanzare-garsoniere/timisoara/aradului/garsoniera-de-vanzare-X6UV10018?lista=97723676
Garsoniera LUX Complexul Studentesc,32.500,o cameră,18 mp utili,Etaj 4,Semidecomandat,https://www.imobiliare.ro/vanzare-garsoniere/timisoara/complex-studentesc/garsoniera-de-vanzare-XA0700055?lista=97723676
Garsoniera/langa Complex,25.500,o cameră,18 mp utili,Etaj 2/4,Semidecomandat,https://www.imobiliare.ro/vanzare-garsoniere/timisoara/complex-studentesc/garsoniera-de-vanzare-X9OL00014?lista=97723676
Vand garsoniera - Complex Studentesc,26.000,o cameră,14 mp utili,Etaj 4/4,Nedecomandat,https://www.imobiliare.ro/vanzare-garsoniere/timisoara/complex-studentesc/garsoniera-de-vanzare-X02V10071?lista=97723676
"Lipovei - Iulius Mall , 1 Camera Renovata",39.500,o cameră,28 mp utili,Etaj 4/4,Semidecomandat,https://www.imobiliare.ro/vanzare-garsoniere/timisoara/lipovei/garsoniera-de-vanzare-X86F00010?lista=97723676
Apartament 1 Camera cu Centrala zona Sagului,36.000,o cameră,34 mp utili,Mansarda,36.000,https://www.imobiliare.ro/vanzare-garsoniere/timisoara/sagului/garsoniera-de-vanzare-XA0700048?lista=97723676
"Braytim Ap 1 cam Nou , La Cheie",39.000,o cameră,35 mp utili,Parter/3,Semidecomandat,https://www.imobiliare.ro/vanzare-garsoniere/timisoara/braytim/garsoniera-de-vanzare-X7PS00026?lista=97723676
"OP356 Zona Iosefin, Garsoniera, Decomandata, Mobilata si Utilata",33.500,o cameră,21 mp utili,Etaj 3/4,Decomandat,https://www.imobiliare.ro/vanzare-garsoniere/timisoara/iosefin/garsoniera-de-vanzare-X7SO000B8?lista=97723676
Garsoniera Complet Renovata la 10 minute de Medicina,34.000,o cameră,24 mp utili,Parter/4,Semidecomandat,https://www.imobiliare.ro/vanzare-garsoniere/timisoara/telegrafului/garsoniera-de-vanzare-X86F0000H?lista=97723676
Apartament cu 1 camere de vanzare in zona P-ta Doina,32.000,o cameră,Parter,Semidecomandat,32.000,https://www.imobiliare.ro/vanzare-garsoniere/timisoara/p-ta-doina/garsoniera-de-vanzare-X9BR1001S?lista=97723676
Apartament cu 1 camere in zona Lipovei,38.000,o cameră,28 mp utili,Etaj 4,Decomandat,https://www.imobiliare.ro/vanzare-garsoniere/timisoara/lipovei/garsoniera-de-vanzare-X41F1001P?lista=97723676
"OP735 Soarelui,Garsoniera,Mobilata si Utilata",35.000,o cameră,24 mp utili,Parter/4,Nedecomandat,https://www.imobiliare.ro/vanzare-garsoniere/timisoara/soarelui/garsoniera-de-vanzare-X7SO000D4?lista=97723676
"OP717 Badea Cartan, Garsoniera,Mobilata si Utilata",37.500,o cameră,22 mp utili,Etaj 4/4,Semidecomandat,https://www.imobiliare.ro/vanzare-garsoniere/timisoara/badea-cartan/garsoniera-de-vanzare-X7SO00096?lista=97723676
"1 camera, 22mp, merita vizionata",28.500,o cameră,22 mp utili,Etaj 3,Semidecomandat,https://www.imobiliare.ro/vanzare-garsoniere/timisoara/aradului/garsoniera-de-vanzare-X41F10051?lista=97723676
Apartament 1 camera Fabric!,39.000,o cameră,30 mp utili,Etaj 4/4,Semidecomandat,https://www.imobiliare.ro/vanzare-garsoniere/timisoara/fabric/garsoniera-de-vanzare-X8JO0002A?lista=97723676
Vand 1 cam zona Aradului et 3,38.000,o cameră,21 mp utili,Etaj 3,38.000,https://www.imobiliare.ro/vanzare-garsoniere/timisoara/aradului/garsoniera-de-vanzare-X6N20001K?lista=97723676
"OT028 Garsoniera, Mobilata-Utilata, Zona Blascovici",32.500,o cameră,24 mp utili,Parter/4,Semidecomandat,https://www.imobiliare.ro/vanzare-garsoniere/timisoara/blascovici/garsoniera-de-vanzare-X7SO000ID?lista=97723676
Garsoniera in Complexul Studentesc,31.000,o cameră,18 mp utili,Etaj 1,Semidecomandat,https://www.imobiliare.ro/vanzare-garsoniere/timisoara/complex-studentesc/garsoniera-de-vanzare-X41F100OU?lista=97723676
"AT024, Apartament 1 Camera, Zona Complex, Pozitie Excelenta",28.500,o cameră,16 mp utili,Parter,Semidecomandat,https://www.imobiliare.ro/vanzare-garsoniere/timisoara/complex-studentesc/garsoniera-de-vanzare-X7SO000E0?lista=97723676
Garsoniera Renovata zona Bucovina,34.000,o cameră,18 mp utili,Etaj 4,Nedecomandat,https://www.imobiliare.ro/vanzare-garsoniere/timisoara/bucovina/garsoniera-de-vanzare-XA0700042?lista=97723676